Date,Product,Region,Customer_Type,Quantity,Price,Discount,Revenue
2024-09-10,Microwaves,West,Homeowner,1,2972.57,0.24,2259.15
2024-02-23,Washing Machines,East,Landlord,5,2749.89,0.04,13199.47
2024-10-19,Refrigerators,South,Landlord,7,2230.34,0.11,13895.02
2024-04-20,Microwaves,South,Landlord,12,495.23,0.18,4873.06
2024-12-22,Refrigerators,South,Homeowner,2,302.9,0.26,448.29
2024-07-19,Refrigerators,South,Homeowner,18,2339.87,0.16,35378.83
2024-07-22,Washing Machines,East,Homeowner,11,981.38,0.24,8204.34
2024-01-09,Washing Machines,North,Landlord,20,2545.31,0.17,42252.15
2024-06-02,Microwaves,West,Landlord,9,1379.06,0.28,8936.31
2024-08-15,Microwaves,North,Landlord,12,1986.71,0.0,23840.52
2024-02-18,Refrigerators,South,Homeowner,14,2320.06,0.12,28583.14
2024-02-07,Washing Machines,West,Homeowner,1,877.77,0.15,746.1
2024-11-15,Washing Machines,East,Landlord,20,211.53,0.18,3469.09
2024-07-30,Washing Machines,East,Homeowner,8,1923.16,0.1,13846.75
2024-09-13,Washing Machines,East,Landlord,1,1596.73,0.2,1277.38
2024-05-04,Washing Machines,South,Homeowner,1,619.11,0.05,588.15
2024-06-08,Refrigerators,East,Landlord,8,294.62,0.14,2026.99
2024-01-06,Refrigerators,East,Landlord,11,1343.52,0.1,13300.85
2024-11-17,Washing Machines,East,Homeowner,7,1541.98,0.22,8419.21
2024-04-13,Refrigerators,South,Homeowner,7,1941.41,0.08,12502.68
2024-04-14,Microwaves,East,Homeowner,19,2564.79,0.14,41908.67
2024-08-14,Washing Machines,North,Homeowner,17,1580.1,0.23,20683.51
2024-04-04,Refrigerators,South,Homeowner,17,498.56,0.26,6271.88
2024-09-26,Refrigerators,East,Homeowner,3,773.81,0.29,1648.22
2024-03-03,Microwaves,West,Homeowner,5,1389.15,0.03,6737.38
2024-08-17,Refrigerators,South,Homeowner,5,524.3,0.08,2411.78
2024-10-13,Microwaves,East,Landlord,7,1760.63,0.22,9613.04
2024-03-17,Washing Machines,North,Landlord,11,347.42,0.19,3095.51
2024-09-24,Washing Machines,South,Homeowner,7,1974.4,0.09,12576.93
2024-06-17,Washing Machines,North,Homeowner,3,2499.43,0.14,6448.53
2024-04-11,Refrigerators,North,Landlord,2,2925.22,0.01,5791.94
2024-05-28,Microwaves,South,Homeowner,14,1401.28,0.12,17263.77
2024-04-24,Washing Machines,East,Homeowner,15,1657.32,0.05,23616.81
2024-12-22,Microwaves,South,Landlord,18,164.26,0.06,2779.28
2024-01-06,Washing Machines,East,Homeowner,12,1999.6,0.01,23755.25
2024-05-16,Washing Machines,East,Landlord,13,1296.44,0.13,14662.74
2024-04-30,Refrigerators,East,Homeowner,4,2616.82,0.3,7327.1
2024-11-02,Microwaves,North,Homeowner,8,2125.2,0.14,14621.38
2024-05-22,Refrigerators,South,Homeowner,17,909.9,0.3,10827.81
2024-03-17,Refrigerators,West,Homeowner,4,2490.45,0.06,9364.09
2024-02-15,Microwaves,South,Landlord,6,1873.33,0.26,8317.59
2024-06-25,Washing Machines,North,Landlord,13,1821.81,0.12,20841.51
2024-03-09,Microwaves,North,Homeowner,17,2996.78,0.28,36680.59
2024-01-03,Washing Machines,North,Homeowner,12,502.41,0.13,5245.16
2024-12-25,Microwaves,West,Landlord,9,2839.53,0.04,24533.54
2024-10-20,Washing Machines,South,Landlord,11,412.06,0.23,3490.15
2024-07-10,Washing Machines,East,Homeowner,2,865.66,0.12,1523.56
2024-02-21,Refrigerators,West,Homeowner,8,2212.54,0.29,12567.23
2024-01-08,Microwaves,North,Homeowner,8,1632.24,0.14,11229.81
2024-09-12,Microwaves,South,Homeowner,18,2672.58,0.19,38966.22
2024-07-30,Microwaves,East,Landlord,4,1824.83,0.22,5693.47
2024-02-06,Washing Machines,East,Homeowner,13,1008.98,0.1,11805.07
2024-08-16,Microwaves,South,Landlord,19,591.33,0.14,9662.33
2024-04-06,Microwaves,West,Landlord,14,897.93,0.26,9302.55
2024-09-23,Refrigerators,East,Landlord,15,155.65,0.19,1891.15
2024-10-04,Refrigerators,West,Homeowner,17,1350.1,0.16,19279.43
2024-12-04,Washing Machines,West,Landlord,1,1964.28,0.08,1807.14
2024-03-25,Washing Machines,South,Landlord,2,2724.73,0.08,5013.5
2024-09-06,Refrigerators,West,Landlord,3,849.17,0.11,2267.28
2024-12-26,Refrigerators,North,Homeowner,13,490.26,0.04,6118.44
2024-04-02,Microwaves,West,Landlord,17,341.11,0.2,4639.1
2024-11-04,Washing Machines,West,Homeowner,11,2581.47,0.08,26124.48
2024-01-28,Microwaves,East,Homeowner,11,2767.2,0.1,27395.28
2024-01-24,Washing Machines,North,Landlord,10,1338.8,0.0,13388.0
2024-06-13,Microwaves,East,Landlord,9,264.84,0.14,2049.86
2024-10-13,Microwaves,North,Homeowner,9,1793.34,0.15,13719.05
2024-08-21,Refrigerators,West,Landlord,15,2272.01,0.16,28627.33
2024-04-02,Washing Machines,East,Homeowner,10,2617.16,0.1,23554.44
2024-10-28,Refrigerators,West,Homeowner,8,570.53,0.1,4107.82
2024-12-11,Microwaves,South,Landlord,20,1588.61,0.24,24146.87
2024-06-17,Refrigerators,South,Landlord,3,2588.51,0.11,6911.32
2024-06-09,Washing Machines,South,Homeowner,10,134.83,0.12,1186.5
2024-06-12,Washing Machines,East,Homeowner,18,2084.45,0.22,29265.68
2024-04-13,Microwaves,South,Homeowner,2,922.61,0.17,1531.53
2024-11-06,Microwaves,West,Homeowner,2,338.35,0.24,514.29
2024-12-07,Refrigerators,North,Landlord,8,1765.9,0.07,13138.3
2024-02-21,Microwaves,North,Homeowner,16,2065.42,0.06,31063.92
2024-07-15,Microwaves,North,Homeowner,1,1752.45,0.11,1559.68
2024-05-02,Microwaves,South,Landlord,18,1090.96,0.14,16888.06
2024-05-12,Microwaves,West,Homeowner,16,109.0,0.11,1552.16
2024-08-18,Washing Machines,West,Landlord,20,2142.81,0.2,34284.96
2024-01-21,Microwaves,East,Homeowner,3,500.99,0.29,1067.11
2024-11-19,Microwaves,South,Landlord,1,2503.93,0.2,2003.14
2024-04-24,Microwaves,North,Homeowner,15,1995.97,0.27,21855.87
2024-03-02,Refrigerators,North,Homeowner,3,2648.61,0.01,7866.37
2024-08-06,Washing Machines,North,Landlord,2,2985.24,0.24,4537.56
2024-06-27,Microwaves,West,Homeowner,1,1829.06,0.26,1353.5
2024-08-13,Refrigerators,West,Homeowner,14,2654.02,0.28,26752.52
2024-08-13,Washing Machines,North,Homeowner,3,2650.24,0.05,7553.18
2024-08-19,Refrigerators,East,Landlord,16,2302.99,0.3,25793.49
2024-03-29,Washing Machines,East,Landlord,3,2270.97,0.22,5314.07
2024-02-29,Refrigerators,West,Homeowner,11,241.62,0.12,2338.88
2024-05-29,Microwaves,South,Landlord,7,676.85,0.27,3458.7
2024-05-22,Washing Machines,North,Landlord,16,1529.22,0.28,17616.61
2024-12-16,Refrigerators,East,Landlord,13,1326.32,0.14,14828.26
2024-12-10,Washing Machines,North,Landlord,13,1133.49,0.2,11788.3
2024-07-23,Washing Machines,East,Landlord,9,1160.33,0.0,10442.97
2024-08-14,Microwaves,South,Homeowner,10,305.74,0.03,2965.68
2024-06-22,Washing Machines,South,Homeowner,10,532.66,0.04,5113.54
2024-11-02,Microwaves,South,Homeowner,9,2675.31,0.15,20466.12
2024-06-02,Microwaves,West,Landlord,7,2749.92,0.27,14052.09
2024-09-13,Refrigerators,East,Landlord,15,1409.97,0.05,20092.07
2024-05-16,Refrigerators,West,Homeowner,5,2836.72,0.02,13899.93
2024-01-08,Microwaves,North,Homeowner,5,1274.76,0.27,4652.87
2024-02-14,Washing Machines,West,Landlord,1,1505.95,0.09,1370.41
2024-03-13,Microwaves,West,Homeowner,2,1961.08,0.28,2823.96
2024-10-02,Microwaves,South,Landlord,19,320.07,0.06,5716.45
2024-05-09,Washing Machines,West,Landlord,13,1264.37,0.24,12491.98
2024-10-03,Washing Machines,South,Landlord,13,1937.61,0.29,17884.14
2024-01-31,Refrigerators,North,Landlord,9,1000.48,0.27,6573.15
2024-11-24,Refrigerators,North,Landlord,4,156.01,0.28,449.31
2024-07-09,Washing Machines,West,Landlord,7,2921.73,0.13,17793.34
2024-05-28,Microwaves,South,Homeowner,9,1601.92,0.26,10668.79
2024-01-21,Microwaves,North,Landlord,2,2885.11,0.03,5597.11
2024-07-01,Refrigerators,West,Homeowner,18,269.74,0.08,4466.89
2024-08-13,Microwaves,East,Homeowner,9,953.17,0.13,7463.32
2024-01-08,Washing Machines,West,Homeowner,17,1885.7,0.2,25645.52
2024-11-17,Microwaves,South,Homeowner,15,1166.81,0.03,16977.09
2024-02-01,Washing Machines,North,Landlord,12,475.7,0.08,5251.73
2024-06-27,Refrigerators,East,Landlord,18,933.39,0.24,12768.78
2024-08-13,Washing Machines,South,Landlord,12,138.2,0.26,1227.22
2024-10-03,Washing Machines,North,Landlord,19,1047.38,0.07,18507.2
2024-03-15,Washing Machines,North,Homeowner,13,265.26,0.02,3379.41
2024-08-13,Washing Machines,South,Landlord,9,336.01,0.12,2661.2
2024-01-13,Washing Machines,North,Homeowner,3,2068.29,0.01,6142.82
2024-01-02,Refrigerators,South,Homeowner,8,216.36,0.1,1557.79
2024-04-28,Microwaves,South,Landlord,9,223.95,0.14,1733.37
2024-08-11,Washing Machines,North,Homeowner,8,2946.85,0.01,23339.05
2024-08-03,Refrigerators,North,Homeowner,14,687.58,0.17,7989.68
2024-08-23,Refrigerators,East,Homeowner,20,1007.11,0.23,15509.49
2024-01-11,Washing Machines,North,Homeowner,2,2437.2,0.28,3509.57
2024-03-29,Refrigerators,South,Landlord,3,2682.58,0.02,7886.79
2024-09-14,Refrigerators,South,Homeowner,7,2861.7,0.27,14623.29
2024-07-18,Microwaves,West,Homeowner,13,1528.14,0.12,17481.92
2024-12-10,Washing Machines,North,Homeowner,13,878.63,0.14,9823.08
2024-07-27,Washing Machines,West,Landlord,4,2388.77,0.21,7548.51
2024-07-24,Washing Machines,North,Homeowner,5,353.94,0.24,1344.97
2024-09-21,Microwaves,South,Landlord,17,2463.97,0.28,30158.99
2024-06-23,Washing Machines,West,Homeowner,11,1320.28,0.19,11763.69
2024-01-23,Washing Machines,North,Homeowner,15,1134.91,0.25,12767.74
2024-02-09,Washing Machines,West,Landlord,7,1906.44,0.05,12677.83
2024-11-05,Washing Machines,East,Homeowner,1,1763.2,0.08,1622.14
2024-05-27,Microwaves,South,Landlord,16,2081.86,0.27,24316.12
2024-03-06,Refrigerators,West,Homeowner,7,549.17,0.1,3459.77
2024-11-30,Washing Machines,South,Landlord,6,2741.8,0.13,14312.2
2024-06-13,Microwaves,East,Landlord,20,1643.84,0.03,31890.5
2024-08-07,Microwaves,South,Landlord,16,417.88,0.03,6485.5
2024-06-05,Washing Machines,East,Landlord,18,2242.59,0.01,39962.95
2024-06-24,Refrigerators,North,Landlord,19,1671.54,0.03,30806.48
2024-06-05,Refrigerators,West,Homeowner,7,2120.24,0.05,14099.6
2024-03-06,Refrigerators,West,Landlord,6,429.21,0.25,1931.44
2024-04-23,Refrigerators,South,Landlord,19,2261.11,0.23,33080.04
2024-03-10,Refrigerators,East,Homeowner,7,2825.43,0.11,17602.43
2024-08-28,Refrigerators,West,Homeowner,5,1144.59,0.15,4864.51
2024-07-26,Refrigerators,South,Homeowner,12,1188.39,0.1,12834.61
2024-11-15,Refrigerators,South,Landlord,8,2109.48,0.09,15357.01
2024-03-23,Washing Machines,South,Landlord,15,1936.47,0.13,25270.93
2024-09-22,Refrigerators,West,Landlord,10,722.68,0.2,5781.44
2024-01-20,Microwaves,North,Landlord,10,666.75,0.16,5600.7
2024-12-17,Microwaves,North,Landlord,5,2583.64,0.18,10592.92
2024-09-05,Washing Machines,East,Homeowner,16,927.37,0.25,11128.44
2024-04-02,Washing Machines,North,Landlord,11,1854.03,0.07,18966.73
2024-08-16,Refrigerators,North,Homeowner,19,465.08,0.04,8483.06
2024-04-02,Refrigerators,West,Homeowner,18,2663.99,0.26,35484.35
2024-06-09,Washing Machines,East,Landlord,2,2965.28,0.29,4210.7
2024-04-12,Refrigerators,North,Homeowner,3,369.57,0.15,942.4
2024-11-18,Microwaves,South,Landlord,2,330.84,0.18,542.58
2024-04-18,Washing Machines,East,Landlord,12,476.84,0.17,4749.33
2024-07-19,Refrigerators,West,Homeowner,18,681.85,0.04,11782.37
2024-12-16,Refrigerators,East,Homeowner,20,1278.09,0.06,24028.09
2024-10-08,Washing Machines,North,Landlord,2,1190.28,0.14,2047.28
2024-01-13,Microwaves,North,Homeowner,19,1438.89,0.18,22417.91
2024-01-05,Refrigerators,South,Landlord,1,1646.85,0.25,1235.14
2024-06-13,Refrigerators,North,Homeowner,9,2856.09,0.06,24162.52
2024-09-19,Refrigerators,East,Homeowner,5,1678.55,0.17,6965.98
2024-11-04,Microwaves,West,Landlord,19,2183.87,0.18,34024.69
2024-02-26,Refrigerators,South,Landlord,15,390.89,0.08,5394.28
2024-11-23,Washing Machines,South,Landlord,2,766.64,0.08,1410.62
2024-03-14,Refrigerators,East,Homeowner,19,2297.5,0.25,32739.38
2024-06-19,Refrigerators,East,Landlord,7,797.48,0.15,4745.01
2024-05-26,Washing Machines,North,Homeowner,16,2221.69,0.25,26660.28
2024-10-11,Microwaves,South,Landlord,6,2326.6,0.2,11167.68
2024-05-13,Microwaves,West,Landlord,10,1934.63,0.05,18378.98
2024-07-06,Washing Machines,North,Landlord,18,1471.37,0.2,21187.73
2024-08-21,Refrigerators,West,Landlord,19,2358.01,0.13,38977.91
2024-10-14,Refrigerators,West,Homeowner,6,1799.6,0.1,9717.84
2024-08-02,Washing Machines,North,Homeowner,2,1245.86,0.19,2018.29
2024-06-07,Refrigerators,West,Landlord,14,2460.45,0.28,24801.34
2024-03-02,Washing Machines,South,Homeowner,5,1575.8,0.02,7721.42
2024-05-05,Washing Machines,East,Landlord,2,2705.99,0.12,4762.54
2024-05-12,Refrigerators,South,Landlord,11,564.75,0.12,5466.78
2024-04-13,Microwaves,North,Homeowner,14,1277.01,0.06,16805.45
2024-05-18,Washing Machines,South,Landlord,1,895.5,0.26,662.67
2024-07-20,Washing Machines,South,Landlord,10,1644.13,0.26,12166.56
2024-03-23,Microwaves,West,Landlord,1,2081.42,0.09,1894.09
2024-09-07,Refrigerators,West,Homeowner,16,2911.86,0.21,36805.91
2024-07-23,Washing Machines,East,Homeowner,13,2971.2,0.03,37466.83
2024-12-11,Washing Machines,North,Landlord,17,345.92,0.1,5292.58
2024-07-15,Refrigerators,West,Landlord,18,1078.69,0.13,16892.29
2024-07-01,Microwaves,South,Homeowner,18,1265.95,0.14,19596.91
2024-09-05,Refrigerators,West,Homeowner,15,890.4,0.03,12955.32
2024-09-23,Microwaves,North,Landlord,18,2007.96,0.03,35058.98
2024-06-24,Microwaves,East,Homeowner,2,236.54,0.24,359.54
2024-07-28,Refrigerators,South,Landlord,10,893.52,0.13,7773.62
2024-09-15,Microwaves,South,Homeowner,2,464.1,0.19,751.84
2024-10-25,Microwaves,North,Homeowner,5,2819.23,0.03,13673.27
2024-01-16,Microwaves,North,Landlord,17,1175.49,0.28,14388.0
2024-12-22,Washing Machines,East,Landlord,19,2380.29,0.02,44321.0
2024-08-04,Refrigerators,South,Landlord,14,2125.14,0.17,24694.13
2024-10-30,Microwaves,South,Landlord,20,973.07,0.02,19072.17
2024-05-18,Washing Machines,North,Homeowner,16,1291.97,0.11,18397.65
2024-01-21,Refrigerators,North,Homeowner,16,2540.45,0.14,34956.59
2024-03-28,Refrigerators,East,Homeowner,10,1427.87,0.26,10566.24
2024-07-13,Refrigerators,South,Landlord,9,1432.27,0.26,9538.92
2024-07-31,Microwaves,North,Landlord,3,1918.27,0.25,4316.11
2024-05-12,Refrigerators,South,Landlord,5,1093.82,0.03,5305.03
2024-03-05,Refrigerators,South,Landlord,16,2950.55,0.26,34934.51
2024-01-09,Washing Machines,North,Homeowner,19,1779.4,0.19,27384.97
2024-11-18,Refrigerators,West,Landlord,15,401.55,0.01,5963.02
2024-10-12,Refrigerators,West,Homeowner,1,2712.3,0.06,2549.56
2024-01-12,Refrigerators,South,Homeowner,16,426.41,0.16,5730.95
2024-10-19,Washing Machines,West,Landlord,18,2872.31,0.11,46014.41
2024-08-04,Refrigerators,West,Landlord,2,239.01,0.15,406.32
2024-04-23,Refrigerators,North,Landlord,18,937.87,0.18,13842.96
2024-06-09,Refrigerators,South,Landlord,2,184.54,0.26,273.12
2024-08-08,Refrigerators,North,Landlord,4,2678.06,0.24,8141.3
2024-01-31,Refrigerators,East,Homeowner,13,2416.55,0.3,21990.6
2024-09-09,Refrigerators,South,Homeowner,12,2437.04,0.12,25735.14
2024-10-30,Refrigerators,West,Landlord,17,584.81,0.19,8052.83
2024-04-20,Microwaves,North,Homeowner,6,1856.08,0.11,9911.47
2024-09-13,Microwaves,South,Homeowner,7,1775.98,0.06,11685.95
2024-02-19,Microwaves,East,Landlord,18,1790.35,0.18,26425.57
2024-09-23,Washing Machines,North,Homeowner,4,2392.72,0.27,6986.74
2024-04-01,Washing Machines,East,Landlord,4,533.75,0.07,1985.55
2024-01-02,Microwaves,East,Homeowner,10,230.28,0.26,1704.07
2024-04-01,Microwaves,North,Landlord,11,2435.74,0.18,21970.37
2024-06-05,Microwaves,East,Homeowner,16,726.79,0.04,11163.49
2024-09-28,Refrigerators,West,Landlord,9,1121.8,0.29,7168.3
2024-07-18,Microwaves,West,Landlord,6,1531.9,0.17,7628.86
2024-07-12,Microwaves,North,Homeowner,3,767.98,0.15,1958.35
2024-04-17,Microwaves,East,Homeowner,13,2316.15,0.17,24991.26
2024-05-25,Microwaves,East,Homeowner,11,1143.98,0.12,11073.73
2024-06-01,Washing Machines,North,Landlord,13,1374.11,0.05,16970.26
2024-03-22,Microwaves,East,Homeowner,11,1720.36,0.24,14382.21
2024-12-03,Microwaves,East,Landlord,5,2109.16,0.24,8014.81
2024-03-30,Microwaves,North,Landlord,17,789.12,0.25,10061.28
2024-01-09,Refrigerators,East,Homeowner,12,2265.56,0.04,26099.25
2024-07-04,Microwaves,South,Homeowner,3,1670.67,0.2,4009.61
2024-08-05,Washing Machines,North,Homeowner,1,712.59,0.11,634.21
2024-09-30,Microwaves,North,Landlord,16,1456.21,0.19,18872.48
2024-10-20,Microwaves,East,Landlord,6,2887.91,0.15,14728.34
2024-12-17,Microwaves,North,Homeowner,13,2679.36,0.11,31000.2
2024-01-10,Microwaves,East,Homeowner,1,2967.91,0.08,2730.48
2024-02-11,Washing Machines,East,Homeowner,12,2348.6,0.18,23110.22
2024-11-20,Refrigerators,South,Homeowner,2,1052.38,0.18,1725.9
2024-07-14,Refrigerators,East,Landlord,17,135.34,0.28,1656.56
2024-12-09,Washing Machines,North,Homeowner,5,745.46,0.01,3690.03
2024-07-07,Refrigerators,East,Landlord,8,769.58,0.14,5294.71
2024-11-03,Washing Machines,West,Landlord,11,1199.8,0.01,13065.82
2024-03-28,Refrigerators,East,Homeowner,15,1210.8,0.19,14711.22
2024-09-04,Microwaves,South,Homeowner,20,885.91,0.02,17363.84
2024-03-25,Washing Machines,West,Landlord,1,2759.54,0.14,2373.2
2024-07-28,Microwaves,North,Landlord,9,147.87,0.18,1091.28
2024-03-29,Microwaves,North,Landlord,15,1554.53,0.26,17255.28
2024-08-23,Washing Machines,East,Homeowner,16,1142.75,0.3,12798.8
2024-08-24,Refrigerators,North,Homeowner,10,2702.73,0.09,24594.84
2024-04-18,Microwaves,West,Landlord,11,2403.09,0.08,24319.27
2024-01-13,Microwaves,East,Landlord,9,339.02,0.11,2715.55
2024-09-08,Microwaves,East,Landlord,3,1183.96,0.1,3196.69
2024-08-24,Refrigerators,North,Landlord,1,2868.32,0.24,2179.92
2024-06-27,Washing Machines,West,Homeowner,9,2412.68,0.01,21496.98
2024-05-20,Microwaves,West,Homeowner,1,1669.87,0.02,1636.47
2024-09-20,Washing Machines,East,Homeowner,18,1331.97,0.05,22776.69
2024-12-14,Refrigerators,South,Homeowner,2,796.8,0.21,1258.94
2024-11-15,Microwaves,West,Landlord,17,829.14,0.04,13531.56
2024-10-19,Refrigerators,South,Homeowner,11,480.15,0.1,4753.48
2024-10-23,Microwaves,East,Landlord,9,1836.45,0.16,13883.56
2024-01-11,Microwaves,West,Homeowner,12,1111.27,0.11,11868.36
2024-03-20,Washing Machines,South,Landlord,19,2510.39,0.26,35296.08
2024-08-19,Refrigerators,West,Landlord,3,129.34,0.18,318.18
2024-03-27,Microwaves,West,Landlord,5,1419.79,0.14,6105.1
2024-10-02,Washing Machines,West,Homeowner,8,1990.86,0.0,15926.88
2024-03-02,Washing Machines,West,Homeowner,14,2206.92,0.23,23790.6
2024-11-01,Refrigerators,West,Homeowner,19,2015.66,0.05,36382.66
2024-06-21,Refrigerators,East,Homeowner,15,1539.26,0.19,18702.01
2024-10-12,Microwaves,West,Landlord,8,2166.0,0.08,15941.76
2024-12-11,Refrigerators,South,Landlord,11,1307.77,0.28,10357.54
2024-02-14,Washing Machines,North,Homeowner,4,710.9,0.24,2161.14
2024-09-13,Microwaves,West,Homeowner,12,2424.42,0.02,28511.18
2024-02-10,Refrigerators,South,Homeowner,16,1327.36,0.05,20175.87
2024-01-07,Microwaves,South,Landlord,19,2278.48,0.1,38962.01
2024-11-15,Refrigerators,East,Homeowner,19,1976.54,0.17,31170.04
2024-10-14,Refrigerators,East,Landlord,12,2187.21,0.15,22309.54
2024-03-17,Microwaves,East,Landlord,10,2222.43,0.13,19335.14
2024-12-21,Washing Machines,South,Landlord,8,2596.57,0.21,16410.32
2024-10-23,Refrigerators,East,Landlord,16,2180.52,0.3,24421.82
2024-05-30,Refrigerators,East,Landlord,6,843.3,0.08,4655.02
2024-03-24,Washing Machines,South,Homeowner,1,2004.29,0.3,1403.0
2024-10-09,Microwaves,South,Landlord,16,2158.3,0.26,25554.27
2024-04-06,Refrigerators,West,Homeowner,5,270.51,0.28,973.84
2024-06-30,Refrigerators,North,Landlord,3,161.41,0.04,464.86
2024-07-11,Refrigerators,East,Homeowner,2,727.55,0.09,1324.14
2024-01-12,Washing Machines,West,Homeowner,15,2591.25,0.13,33815.81
2024-08-10,Microwaves,South,Homeowner,10,1268.74,0.2,10149.92
2024-05-26,Washing Machines,West,Landlord,6,1944.98,0.19,9452.6
2024-01-22,Washing Machines,West,Homeowner,20,2724.5,0.19,44136.9
2024-01-08,Microwaves,East,Landlord,19,2271.72,0.22,33666.89
2024-03-05,Microwaves,East,Landlord,7,275.52,0.22,1504.34
2024-07-17,Microwaves,North,Homeowner,16,2415.83,0.21,30536.09
2024-11-01,Washing Machines,West,Landlord,20,958.11,0.06,18012.47
2024-09-13,Refrigerators,East,Landlord,18,431.36,0.13,6755.1
2024-05-03,Microwaves,South,Homeowner,3,1606.53,0.16,4048.46
2024-03-23,Microwaves,East,Landlord,4,830.47,0.16,2790.38
2024-01-14,Microwaves,South,Landlord,12,2532.98,0.21,24012.65
2024-11-08,Microwaves,East,Landlord,1,1154.83,0.04,1108.64
2024-07-07,Microwaves,South,Homeowner,15,1912.99,0.28,20660.29
2024-04-09,Washing Machines,South,Homeowner,12,1555.19,0.05,17729.17
2024-03-24,Refrigerators,West,Landlord,12,630.37,0.03,7337.51
2024-03-13,Washing Machines,North,Homeowner,11,2215.03,0.13,21197.84
2024-04-14,Microwaves,West,Landlord,13,2731.65,0.03,34446.11
2024-03-05,Refrigerators,West,Homeowner,19,2608.12,0.16,41625.6
2024-01-26,Microwaves,South,Homeowner,5,2674.15,0.14,11498.84
2024-01-17,Washing Machines,North,Homeowner,16,931.43,0.3,10432.02
2024-02-15,Washing Machines,North,Homeowner,9,2825.32,0.29,18053.79
2024-01-12,Washing Machines,North,Landlord,10,1752.72,0.05,16650.84
2024-12-16,Refrigerators,North,Landlord,14,1520.77,0.18,17458.44
2024-06-20,Microwaves,South,Landlord,18,1568.55,0.13,24563.49
2024-07-03,Washing Machines,West,Homeowner,18,542.21,0.21,7710.23
2024-08-16,Microwaves,South,Landlord,11,1949.36,0.2,17154.37
2024-04-02,Washing Machines,East,Landlord,5,2343.49,0.14,10077.01
2024-04-13,Refrigerators,South,Landlord,15,1253.79,0.22,14669.34
2024-12-28,Microwaves,East,Landlord,16,1387.27,0.24,16869.2
2024-04-03,Washing Machines,East,Landlord,11,1422.74,0.16,13146.12
2024-12-03,Refrigerators,South,Homeowner,20,114.82,0.23,1768.23
2024-12-10,Microwaves,West,Homeowner,17,1735.5,0.07,27438.25
2024-01-08,Washing Machines,West,Homeowner,2,620.96,0.14,1068.05
2024-12-21,Washing Machines,East,Landlord,17,726.34,0.3,8643.45
2024-07-04,Microwaves,West,Landlord,17,877.11,0.06,14016.22
2024-05-16,Washing Machines,South,Homeowner,14,2610.85,0.21,28876.0
2024-04-03,Washing Machines,East,Homeowner,9,1156.65,0.13,9056.57
2024-08-19,Washing Machines,West,Homeowner,2,2069.92,0.04,3974.25
2024-12-28,Microwaves,North,Landlord,14,1691.89,0.29,16817.39
2024-06-25,Refrigerators,South,Homeowner,9,2384.15,0.09,19526.19
2024-08-07,Refrigerators,East,Homeowner,12,2363.1,0.14,24387.19
2024-02-13,Microwaves,West,Homeowner,13,1724.6,0.1,20177.82
2024-05-26,Washing Machines,East,Landlord,12,1274.57,0.26,11318.18
2024-12-09,Washing Machines,North,Landlord,15,854.16,0.19,10378.04
2024-11-06,Refrigerators,West,Landlord,2,1939.42,0.29,2753.98
2024-04-08,Washing Machines,East,Landlord,6,2849.57,0.05,16242.55
2024-10-04,Washing Machines,North,Homeowner,2,1997.01,0.28,2875.69
2024-09-02,Microwaves,West,Landlord,12,1332.91,0.18,13115.83
2024-08-27,Washing Machines,West,Homeowner,11,1954.67,0.02,21071.34
2024-10-10,Microwaves,South,Landlord,3,554.56,0.19,1347.58
2024-05-16,Washing Machines,North,Homeowner,10,1827.15,0.2,14617.2
2024-08-16,Washing Machines,North,Homeowner,12,2168.74,0.15,22121.15
2024-03-08,Washing Machines,North,Landlord,11,2219.84,0.12,21488.05
2024-01-02,Microwaves,South,Homeowner,2,2227.72,0.1,4009.9
2024-03-22,Microwaves,East,Homeowner,8,461.82,0.08,3399.0
2024-05-01,Refrigerators,South,Landlord,4,2299.43,0.23,7082.24
2024-04-26,Washing Machines,North,Homeowner,6,858.4,0.28,3708.29
2024-08-28,Microwaves,North,Homeowner,5,2665.73,0.12,11729.21
2024-07-08,Washing Machines,North,Landlord,18,2452.08,0.05,41930.57
2024-07-11,Microwaves,East,Landlord,5,127.22,0.08,585.21
2024-11-03,Microwaves,North,Landlord,14,1540.59,0.19,17470.29
2024-09-22,Washing Machines,East,Homeowner,14,877.74,0.08,11305.29
2024-08-25,Refrigerators,North,Landlord,18,2677.93,0.26,35670.03
2024-11-06,Microwaves,West,Landlord,20,2834.64,0.17,47055.02
2024-03-20,Refrigerators,East,Landlord,2,2316.02,0.2,3705.63
2024-03-21,Washing Machines,South,Landlord,17,2472.98,0.01,41620.25
2024-09-14,Refrigerators,North,Homeowner,2,1794.4,0.07,3337.58
2024-07-11,Washing Machines,South,Landlord,19,1188.45,0.28,16258.0
2024-03-02,Microwaves,West,Landlord,6,962.39,0.07,5370.14
2024-11-14,Microwaves,West,Homeowner,15,1004.95,0.19,12210.14
2024-09-04,Microwaves,North,Landlord,11,553.8,0.11,5421.7
2024-04-03,Washing Machines,South,Homeowner,11,1777.35,0.27,14272.12
2024-02-25,Microwaves,West,Homeowner,17,259.77,0.18,3621.19
2024-11-04,Microwaves,West,Landlord,18,2693.05,0.27,35386.68
2024-10-10,Microwaves,South,Homeowner,14,2257.44,0.02,30972.08
2024-03-31,Microwaves,North,Homeowner,17,388.51,0.02,6472.58
2024-10-11,Washing Machines,East,Landlord,10,994.17,0.2,7953.36
2024-07-06,Refrigerators,East,Landlord,1,1813.3,0.21,1432.51
2024-06-22,Washing Machines,West,Homeowner,2,706.14,0.28,1016.84
2024-08-23,Washing Machines,North,Landlord,1,2675.78,0.3,1873.05
2024-12-25,Microwaves,South,Landlord,6,946.78,0.21,4487.74
2024-09-21,Microwaves,North,Homeowner,4,2751.44,0.17,9134.78
2024-07-21,Microwaves,East,Landlord,16,1346.69,0.29,15298.4
2024-02-07,Microwaves,South,Homeowner,3,838.13,0.25,1885.79
2024-05-04,Microwaves,East,Homeowner,1,1789.75,0.18,1467.6
2024-10-05,Refrigerators,North,Homeowner,7,1538.57,0.21,8508.29
2024-10-27,Washing Machines,East,Landlord,2,2424.72,0.13,4219.01
2024-01-13,Refrigerators,West,Homeowner,16,1898.32,0.27,22172.38
2024-07-19,Refrigerators,North,Homeowner,1,606.76,0.15,515.75
2024-12-13,Refrigerators,North,Landlord,4,406.75,0.28,1171.44
2024-02-25,Refrigerators,East,Homeowner,2,1556.5,0.12,2739.44
2024-04-24,Washing Machines,East,Homeowner,12,1940.32,0.08,21421.13
2024-04-20,Washing Machines,North,Homeowner,5,2354.26,0.07,10947.31
2024-01-22,Washing Machines,North,Landlord,18,2686.49,0.23,37234.75
2024-03-04,Refrigerators,West,Homeowner,6,2446.29,0.29,10421.2
2024-10-28,Washing Machines,East,Homeowner,2,1611.83,0.14,2772.35
2024-01-16,Microwaves,East,Landlord,10,2756.08,0.02,27009.58
2024-01-02,Refrigerators,West,Landlord,16,2993.51,0.11,42627.58
2024-04-26,Refrigerators,East,Landlord,16,153.5,0.17,2038.48
2024-10-15,Refrigerators,North,Landlord,13,247.96,0.04,3094.54
2024-03-15,Washing Machines,North,Homeowner,4,133.86,0.09,487.25
2024-02-09,Refrigerators,North,Landlord,17,2613.53,0.2,35544.01
2024-09-03,Refrigerators,East,Landlord,4,145.16,0.02,569.03
2024-08-13,Washing Machines,North,Landlord,9,1922.2,0.01,17126.8
2024-12-25,Washing Machines,East,Landlord,16,1745.26,0.12,24573.26
2024-12-19,Washing Machines,South,Landlord,9,1270.74,0.01,11322.29
2024-09-08,Washing Machines,East,Homeowner,3,1175.96,0.08,3245.65
2024-10-05,Microwaves,North,Landlord,1,712.4,0.16,598.42
2024-06-20,Microwaves,North,Landlord,7,2620.91,0.27,13392.85
2024-04-02,Microwaves,North,Homeowner,5,1031.16,0.26,3815.29
2024-06-25,Washing Machines,East,Homeowner,1,2947.41,0.24,2240.03
2024-08-22,Microwaves,West,Homeowner,10,349.88,0.26,2589.11
2024-03-01,Washing Machines,East,Homeowner,16,2798.06,0.09,40739.75
2024-06-20,Washing Machines,East,Landlord,20,1687.77,0.09,30717.41
2024-01-07,Washing Machines,South,Landlord,1,1602.19,0.26,1185.62
2024-07-19,Refrigerators,North,Homeowner,16,2128.16,0.1,30645.5
2024-07-14,Refrigerators,East,Landlord,8,1558.72,0.17,10349.9
2024-07-25,Microwaves,East,Homeowner,5,2174.57,0.09,9894.29
2024-05-24,Microwaves,East,Landlord,18,1362.02,0.07,22800.21
2024-01-15,Washing Machines,South,Homeowner,6,2812.32,0.11,15017.79
2024-07-22,Washing Machines,East,Homeowner,2,1235.27,0.07,2297.6
2024-08-15,Microwaves,South,Landlord,1,1408.99,0.14,1211.73
2024-07-26,Washing Machines,North,Homeowner,12,587.13,0.08,6481.92
2024-02-10,Refrigerators,South,Homeowner,7,2775.71,0.19,15738.28
2024-05-21,Washing Machines,East,Homeowner,11,2259.56,0.07,23115.3
2024-04-28,Microwaves,West,Homeowner,19,185.33,0.09,3204.36
2024-10-03,Microwaves,North,Landlord,9,945.65,0.16,7149.11
2024-02-22,Refrigerators,North,Homeowner,8,385.38,0.28,2219.79
2024-03-14,Refrigerators,North,Homeowner,2,2808.96,0.28,4044.9
2024-05-13,Microwaves,West,Landlord,2,2487.48,0.15,4228.72
2024-10-14,Washing Machines,South,Homeowner,12,1378.93,0.05,15719.8
2024-04-20,Washing Machines,West,Landlord,6,2809.36,0.12,14833.42
2024-03-20,Microwaves,South,Landlord,12,1521.42,0.05,17344.19
2024-12-24,Microwaves,South,Homeowner,3,885.06,0.25,1991.38
2024-11-28,Refrigerators,West,Homeowner,20,1889.81,0.15,32126.77
2024-07-24,Washing Machines,West,Landlord,15,1022.62,0.21,12118.05
2024-09-27,Microwaves,South,Landlord,14,2162.35,0.02,29667.44
2024-07-06,Washing Machines,South,Homeowner,2,682.99,0.06,1284.02
2024-01-04,Refrigerators,East,Homeowner,20,2084.21,0.15,35431.57
2024-05-15,Washing Machines,South,Landlord,1,321.84,0.11,286.44
2024-07-30,Microwaves,West,Landlord,7,2071.73,0.15,12326.79
2024-08-28,Microwaves,South,Landlord,18,586.55,0.02,10346.74
2024-08-17,Refrigerators,East,Homeowner,17,881.27,0.2,11985.27
2024-06-09,Microwaves,West,Homeowner,12,867.02,0.23,8011.26
2024-11-06,Microwaves,East,Landlord,4,1237.14,0.15,4206.28
2024-10-14,Refrigerators,West,Homeowner,3,1205.95,0.3,2532.5
2024-08-06,Refrigerators,West,Landlord,8,1751.4,0.05,13310.64
2024-08-21,Washing Machines,North,Homeowner,1,2115.22,0.3,1480.65
2024-05-21,Refrigerators,North,Landlord,15,1989.57,0.08,27456.07
2024-03-26,Refrigerators,West,Landlord,14,1642.28,0.24,17473.86
2024-07-31,Washing Machines,West,Landlord,11,1475.44,0.03,15742.94
2024-03-29,Washing Machines,East,Landlord,2,1034.37,0.0,2068.74
2024-07-03,Washing Machines,South,Landlord,15,1569.69,0.21,18600.83
2024-09-22,Washing Machines,East,Landlord,2,808.7,0.3,1132.18
2024-03-15,Washing Machines,North,Homeowner,3,2818.52,0.1,7610.0
2024-06-14,Washing Machines,West,Homeowner,7,436.04,0.29,2167.12
2024-09-30,Washing Machines,South,Landlord,20,2566.8,0.19,41582.16
2024-02-01,Washing Machines,West,Landlord,7,415.17,0.09,2644.63
2024-03-26,Refrigerators,North,Landlord,1,868.0,0.17,720.44
2024-08-23,Microwaves,South,Homeowner,7,2934.21,0.19,16636.97
2024-08-30,Washing Machines,West,Landlord,19,725.61,0.18,11305.0
2024-01-18,Microwaves,West,Landlord,10,1176.79,0.15,10002.72
2024-06-04,Refrigerators,East,Landlord,4,959.01,0.13,3337.35
2024-03-29,Refrigerators,South,Homeowner,17,1819.02,0.09,28140.24
2024-05-03,Washing Machines,East,Homeowner,8,1651.51,0.19,10701.78
2024-06-06,Washing Machines,East,Homeowner,1,1921.59,0.22,1498.84
2024-10-12,Microwaves,South,Homeowner,19,1539.83,0.04,28086.5
2024-09-07,Microwaves,South,Landlord,13,2801.55,0.27,26586.71
2024-07-11,Refrigerators,South,Landlord,9,360.85,0.13,2825.46
2024-08-24,Microwaves,East,Landlord,10,361.46,0.09,3289.29
2024-05-17,Refrigerators,South,Landlord,11,1856.41,0.18,16744.82
2024-04-03,Refrigerators,East,Landlord,14,1663.65,0.27,17002.5
2024-09-11,Refrigerators,South,Homeowner,14,2482.58,0.18,28500.02
2024-08-22,Refrigerators,East,Landlord,4,1189.06,0.05,4518.43
2024-07-08,Refrigerators,North,Landlord,19,462.66,0.15,7471.96
2024-11-23,Microwaves,East,Landlord,4,2732.63,0.28,7869.97
2024-08-02,Microwaves,West,Landlord,8,1187.88,0.06,8932.86
2024-07-05,Microwaves,East,Landlord,17,1312.1,0.21,17621.5
2024-06-22,Microwaves,North,Homeowner,15,1031.14,0.21,12219.01
2024-11-05,Microwaves,South,Homeowner,2,1462.94,0.18,2399.22
2024-10-04,Refrigerators,North,Homeowner,18,1753.5,0.0,31563.0
2024-10-03,Refrigerators,North,Landlord,20,1849.72,0.22,28855.63
2024-11-10,Microwaves,South,Landlord,1,2544.51,0.29,1806.6
2024-02-14,Refrigerators,South,Homeowner,13,2396.57,0.02,30532.3
2024-11-06,Refrigerators,South,Landlord,8,697.61,0.04,5357.64
2024-06-21,Refrigerators,South,Landlord,5,577.56,0.1,2599.02
2024-04-06,Washing Machines,North,Landlord,1,1987.63,0.04,1908.12
2024-04-09,Refrigerators,North,Homeowner,19,2619.06,0.21,39312.09
2024-05-09,Microwaves,South,Landlord,10,1753.12,0.03,17005.26
2024-01-30,Refrigerators,South,Homeowner,20,2371.94,0.05,45066.86
2024-03-04,Washing Machines,East,Homeowner,5,1510.29,0.14,6494.25
2024-08-31,Refrigerators,West,Landlord,6,1566.04,0.28,6765.29
2024-08-27,Washing Machines,North,Homeowner,17,2842.21,0.1,43485.81
2024-10-29,Refrigerators,West,Homeowner,8,1796.0,0.2,11494.4
2024-09-15,Microwaves,North,Landlord,16,2305.33,0.2,29508.22
2024-08-15,Microwaves,East,Landlord,18,1937.87,0.24,26510.06
2024-04-20,Washing Machines,North,Homeowner,6,255.95,0.28,1105.7
2024-01-28,Microwaves,North,Homeowner,2,1324.34,0.16,2224.89
2024-05-12,Refrigerators,West,Homeowner,14,2518.91,0.01,34912.09
2024-10-01,Washing Machines,West,Homeowner,9,2082.02,0.04,17988.65
2024-10-08,Washing Machines,North,Homeowner,1,1215.44,0.27,887.27
2024-06-01,Washing Machines,West,Homeowner,17,2473.52,0.01,41629.34
2024-03-25,Washing Machines,South,Landlord,3,2527.97,0.07,7053.04
2024-07-04,Washing Machines,West,Homeowner,19,1329.81,0.27,18444.46
2024-09-13,Microwaves,South,Landlord,11,1423.98,0.18,12844.3
2024-08-18,Refrigerators,South,Homeowner,18,2649.03,0.26,35285.08
2024-01-10,Refrigerators,South,Homeowner,20,453.18,0.25,6797.7
2024-11-15,Washing Machines,West,Landlord,19,586.38,0.2,8912.98
2024-12-04,Refrigerators,North,Homeowner,19,2093.0,0.05,37778.65
2024-02-26,Microwaves,North,Homeowner,9,2777.88,0.09,22750.84
2024-10-02,Microwaves,South,Homeowner,5,2724.43,0.06,12804.82
2024-03-01,Refrigerators,North,Landlord,13,2946.56,0.14,32942.54
2024-04-10,Refrigerators,North,Landlord,4,102.62,0.1,369.43
2024-10-29,Microwaves,East,Homeowner,3,2117.21,0.09,5779.98
2024-10-09,Refrigerators,East,Landlord,10,224.14,0.28,1613.81
2024-03-22,Washing Machines,North,Homeowner,8,2938.77,0.09,21394.25
2024-03-18,Microwaves,West,Homeowner,11,895.02,0.05,9352.96
2024-12-20,Microwaves,South,Homeowner,9,2376.21,0.01,21172.03
2024-01-03,Refrigerators,East,Landlord,16,742.69,0.14,10219.41
2024-03-06,Washing Machines,West,Landlord,2,369.1,0.18,605.32
2024-02-13,Refrigerators,East,Landlord,9,1212.71,0.21,8622.37
2024-09-27,Microwaves,South,Homeowner,9,1785.06,0.03,15583.57
2024-04-03,Washing Machines,South,Homeowner,14,2170.71,0.3,21272.96
2024-12-26,Washing Machines,South,Landlord,2,2395.02,0.19,3879.93
2024-06-13,Microwaves,North,Homeowner,11,1696.18,0.06,17538.5
2024-03-30,Refrigerators,South,Homeowner,5,1869.08,0.06,8784.68
2024-11-08,Washing Machines,South,Landlord,7,2046.38,0.19,11602.97
2024-09-13,Microwaves,North,Homeowner,5,1479.01,0.02,7247.15
2024-07-25,Refrigerators,West,Homeowner,1,1979.56,0.01,1959.76
2024-06-18,Refrigerators,North,Homeowner,16,2460.31,0.0,39364.96
2024-01-31,Washing Machines,North,Homeowner,14,2568.66,0.27,26251.71
2024-03-19,Refrigerators,West,Landlord,6,653.58,0.2,3137.18
2024-10-06,Washing Machines,South,Landlord,20,775.17,0.06,14573.2
2024-03-26,Microwaves,South,Landlord,4,2104.52,0.14,7239.55
2024-05-14,Washing Machines,East,Landlord,13,885.33,0.11,10243.27
2024-07-21,Microwaves,East,Homeowner,15,2670.29,0.28,28839.13
2024-10-26,Refrigerators,South,Landlord,19,1449.16,0.26,20375.19
2024-05-03,Microwaves,North,Homeowner,7,1014.99,0.1,6394.44
2024-10-05,Washing Machines,West,Homeowner,19,1652.44,0.01,31082.4
2024-07-23,Washing Machines,East,Homeowner,18,332.45,0.23,4607.76
2024-11-04,Microwaves,East,Homeowner,19,659.36,0.02,12277.28
2024-05-21,Refrigerators,North,Homeowner,17,531.59,0.28,6506.66
2024-06-03,Refrigerators,East,Landlord,3,1106.38,0.18,2721.69
2024-06-06,Refrigerators,North,Homeowner,4,794.44,0.01,3145.98
2024-08-11,Microwaves,East,Landlord,16,180.76,0.21,2284.81
2024-03-06,Washing Machines,South,Landlord,12,1848.94,0.29,15752.97
2024-04-24,Refrigerators,South,Homeowner,12,2945.53,0.12,31104.8
2024-04-12,Microwaves,South,Landlord,15,605.05,0.26,6716.06
2024-09-09,Microwaves,East,Landlord,9,2945.42,0.22,20676.85
2024-01-15,Microwaves,South,Landlord,7,2379.5,0.3,11659.55
2024-04-16,Microwaves,South,Landlord,12,2786.55,0.11,29760.35
2024-05-02,Microwaves,South,Landlord,18,1991.59,0.25,26886.46
2024-11-01,Washing Machines,North,Landlord,20,1950.45,0.08,35888.28
2024-04-19,Microwaves,South,Landlord,20,1002.99,0.09,18254.42
2024-03-19,Refrigerators,West,Homeowner,14,2282.53,0.17,26523.0
2024-12-03,Washing Machines,East,Homeowner,19,2055.48,0.12,34367.63
2024-11-10,Refrigerators,North,Homeowner,5,2840.25,0.2,11361.0
2024-09-29,Microwaves,West,Homeowner,6,1875.59,0.02,11028.47
2024-05-05,Washing Machines,North,Landlord,9,2506.76,0.06,21207.19
2024-04-12,Refrigerators,West,Landlord,8,2787.61,0.11,19847.78
2024-01-24,Microwaves,East,Landlord,8,545.75,0.25,3274.5
2024-01-18,Microwaves,East,Landlord,8,1096.58,0.2,7018.11
2024-08-04,Refrigerators,North,Homeowner,4,958.39,0.2,3066.85
2024-04-07,Refrigerators,South,Homeowner,9,1010.11,0.24,6909.15
2024-07-26,Microwaves,West,Homeowner,7,1634.5,0.2,9153.2
2024-02-10,Microwaves,East,Homeowner,19,727.9,0.11,12308.79
2024-04-15,Washing Machines,North,Landlord,1,363.06,0.21,286.82
2024-04-28,Refrigerators,South,Landlord,15,1998.75,0.2,23985.0
2024-10-10,Refrigerators,South,Homeowner,10,2419.67,0.07,22502.93
2024-08-15,Refrigerators,East,Homeowner,2,2238.25,0.29,3178.32
2024-02-08,Refrigerators,East,Landlord,19,1199.47,0.01,22562.03
2024-07-21,Washing Machines,West,Homeowner,20,1046.6,0.03,20304.04
2024-05-10,Microwaves,East,Homeowner,19,1891.4,0.07,33421.04
2024-10-18,Refrigerators,South,Landlord,4,2813.26,0.01,11140.51
2024-11-23,Washing Machines,East,Homeowner,2,1078.64,0.07,2006.27
2024-02-10,Refrigerators,North,Homeowner,14,1525.72,0.06,20078.48
2024-11-18,Refrigerators,South,Landlord,14,714.14,0.27,7298.51
2024-12-11,Refrigerators,South,Homeowner,20,570.87,0.1,10275.66
2024-07-12,Washing Machines,West,Homeowner,17,2228.55,0.02,37127.64
2024-09-27,Refrigerators,North,Homeowner,4,233.18,0.15,792.81
2024-10-20,Microwaves,South,Landlord,15,220.39,0.28,2380.21
2024-08-26,Refrigerators,North,Landlord,19,561.99,0.17,8862.58
2024-07-23,Microwaves,East,Homeowner,14,1858.54,0.02,25499.17
2024-07-31,Refrigerators,North,Landlord,3,2403.57,0.17,5984.89
2024-08-14,Microwaves,North,Landlord,11,1442.75,0.26,11743.98
2024-10-12,Refrigerators,North,Homeowner,18,617.5,0.22,8669.7
2024-12-10,Microwaves,North,Homeowner,20,2197.36,0.21,34718.29
2024-09-25,Microwaves,West,Landlord,13,1879.24,0.13,21254.2
2024-05-12,Microwaves,South,Homeowner,18,2195.59,0.2,31616.5
2024-09-24,Microwaves,North,Homeowner,8,1194.29,0.11,8503.34
2024-03-20,Microwaves,West,Landlord,9,1537.03,0.26,10236.62
2024-11-16,Microwaves,North,Landlord,7,2671.06,0.04,17949.52
2024-11-26,Refrigerators,West,Homeowner,19,1171.88,0.08,20484.46
2024-01-05,Refrigerators,West,Landlord,14,958.31,0.05,12745.52
2024-09-22,Refrigerators,East,Homeowner,17,2580.81,0.26,32466.59
2024-02-23,Washing Machines,North,Homeowner,8,2714.92,0.04,20850.59
2024-09-04,Microwaves,West,Homeowner,16,1343.42,0.11,19130.3
2024-02-13,Washing Machines,West,Landlord,11,2425.14,0.09,24275.65
2024-06-15,Microwaves,South,Landlord,1,1562.89,0.13,1359.71
2024-02-02,Microwaves,West,Homeowner,4,2184.56,0.14,7514.89
2024-08-16,Refrigerators,South,Landlord,10,2429.12,0.03,23562.46
2024-09-21,Refrigerators,East,Homeowner,8,448.35,0.23,2761.84
2024-06-08,Microwaves,West,Landlord,5,311.63,0.26,1153.03
2024-11-29,Washing Machines,North,Landlord,11,2773.24,0.18,25014.62
2024-12-20,Microwaves,West,Landlord,2,2855.45,0.19,4625.83
2024-11-12,Microwaves,South,Homeowner,1,512.99,0.01,507.86
2024-09-01,Washing Machines,East,Landlord,19,814.3,0.26,11449.06
2024-09-20,Washing Machines,West,Landlord,6,1335.93,0.25,6011.68
2024-06-23,Microwaves,North,Homeowner,13,867.48,0.09,10262.29
2024-11-21,Washing Machines,East,Homeowner,10,2973.39,0.28,21408.41
2024-04-12,Microwaves,East,Landlord,2,1842.54,0.14,3169.17
2024-09-09,Washing Machines,North,Landlord,10,482.17,0.19,3905.58
2024-09-21,Refrigerators,East,Landlord,14,2163.77,0.23,23325.44
2024-02-24,Washing Machines,North,Homeowner,9,264.87,0.05,2264.64
2024-08-09,Refrigerators,North,Homeowner,17,2096.93,0.26,26379.38
2024-01-21,Refrigerators,East,Homeowner,8,752.66,0.17,4997.66
2024-05-26,Washing Machines,South,Landlord,15,2879.27,0.05,41029.6
2024-06-24,Refrigerators,West,Landlord,15,187.89,0.11,2508.33
2024-04-20,Washing Machines,East,Landlord,11,1075.33,0.09,10764.05
2024-06-03,Microwaves,East,Homeowner,5,2124.79,0.07,9880.27
2024-07-21,Refrigerators,North,Landlord,9,982.12,0.16,7424.83
2024-04-22,Microwaves,North,Homeowner,13,1626.19,0.15,17969.4
2024-10-29,Refrigerators,East,Homeowner,1,2874.04,0.22,2241.75
2024-04-01,Refrigerators,North,Landlord,14,117.77,0.06,1549.85
2024-07-17,Microwaves,South,Landlord,1,1406.79,0.01,1392.72
2024-12-01,Microwaves,West,Homeowner,6,507.43,0.06,2861.91
2024-03-01,Microwaves,South,Homeowner,7,2407.05,0.23,12974.0
2024-03-29,Refrigerators,West,Landlord,9,1870.28,0.26,12456.06
2024-02-20,Microwaves,East,Landlord,5,1393.45,0.01,6897.58
2024-08-15,Refrigerators,North,Landlord,10,1167.53,0.17,9690.5
2024-05-21,Washing Machines,West,Landlord,8,2983.37,0.06,22434.94
2024-01-12,Microwaves,East,Homeowner,18,196.45,0.14,3041.05
2024-06-12,Refrigerators,South,Homeowner,20,463.81,0.26,6864.39
2024-01-21,Washing Machines,East,Homeowner,10,1267.57,0.08,11661.64
2024-02-19,Washing Machines,South,Landlord,20,248.59,0.11,4424.9
2024-12-25,Washing Machines,East,Homeowner,6,1807.79,0.06,10195.94
2024-04-22,Refrigerators,West,Landlord,7,2174.3,0.29,10806.27
2024-12-07,Washing Machines,West,Homeowner,16,578.94,0.21,7317.8
2024-07-13,Refrigerators,North,Landlord,4,2394.05,0.27,6990.63
2024-06-09,Microwaves,North,Landlord,5,1541.15,0.07,7166.35
2024-04-14,Washing Machines,East,Homeowner,2,408.77,0.1,735.79
2024-02-18,Washing Machines,West,Homeowner,1,350.39,0.26,259.29
2024-06-27,Refrigerators,West,Landlord,20,562.2,0.15,9557.4
2024-11-12,Washing Machines,North,Landlord,18,1654.96,0.22,23235.64
2024-11-06,Microwaves,East,Homeowner,2,1289.87,0.13,2244.37
2024-04-18,Washing Machines,North,Homeowner,10,2893.82,0.03,28070.05
2024-10-07,Refrigerators,South,Homeowner,3,2172.74,0.04,6257.49
2024-04-19,Microwaves,East,Landlord,10,2891.84,0.06,27183.3
2024-01-06,Washing Machines,North,Landlord,5,697.1,0.04,3346.08
2024-01-02,Microwaves,East,Landlord,5,2187.73,0.18,8969.69
2024-12-09,Refrigerators,North,Landlord,17,2980.76,0.17,42058.52
2024-12-30,Washing Machines,West,Landlord,7,2132.17,0.27,10895.39
2024-10-09,Washing Machines,East,Homeowner,1,713.56,0.23,549.44
2024-08-22,Microwaves,West,Landlord,10,1839.0,0.07,17102.7
2024-07-02,Microwaves,South,Landlord,7,2370.26,0.13,14434.88
2024-12-04,Refrigerators,North,Landlord,12,823.49,0.01,9783.06
2024-01-26,Washing Machines,West,Landlord,4,1399.1,0.14,4812.9
2024-04-29,Washing Machines,West,Homeowner,4,554.58,0.04,2129.59
2024-08-27,Microwaves,North,Landlord,17,449.86,0.17,6347.52
2024-02-22,Washing Machines,East,Landlord,1,619.53,0.02,607.14
2024-02-25,Washing Machines,South,Homeowner,12,2284.95,0.24,20838.74
2024-06-01,Refrigerators,North,Homeowner,3,2881.27,0.08,7952.31
2024-07-21,Microwaves,East,Landlord,18,2062.24,0.07,34521.9
2024-01-12,Refrigerators,West,Landlord,9,876.7,0.14,6785.66
2024-05-12,Refrigerators,West,Landlord,4,633.75,0.15,2154.75
2024-10-20,Washing Machines,North,Landlord,15,2952.4,0.23,34100.22
2024-04-16,Microwaves,West,Landlord,16,719.71,0.22,8981.98
2024-03-08,Refrigerators,East,Landlord,1,980.39,0.05,931.37
2024-10-05,Refrigerators,North,Landlord,5,884.93,0.2,3539.72
2024-08-27,Refrigerators,North,Landlord,3,1144.86,0.26,2541.59
2024-11-26,Microwaves,West,Homeowner,11,2809.33,0.12,27194.31
2024-11-23,Microwaves,South,Homeowner,7,2800.06,0.25,14700.31
2024-09-06,Refrigerators,West,Landlord,14,2530.89,0.05,33660.84
2024-12-16,Refrigerators,North,Homeowner,2,1177.31,0.25,1765.96
2024-03-13,Washing Machines,North,Homeowner,11,1407.47,0.13,13469.49
2024-01-08,Washing Machines,West,Landlord,1,2416.86,0.13,2102.67
2024-01-18,Washing Machines,West,Homeowner,10,2450.04,0.2,19600.32
2024-05-14,Microwaves,East,Homeowner,1,247.01,0.09,224.78
2024-01-27,Refrigerators,West,Landlord,7,2589.46,0.01,17944.96
2024-05-03,Refrigerators,East,Homeowner,20,978.95,0.26,14488.46
2024-08-21,Microwaves,North,Homeowner,10,650.73,0.08,5986.72
2024-09-25,Microwaves,South,Landlord,12,1831.62,0.17,18242.94
2024-07-23,Washing Machines,West,Landlord,11,2732.23,0.06,28251.26
2024-07-02,Refrigerators,East,Landlord,10,2165.13,0.27,15805.45
2024-04-30,Microwaves,North,Homeowner,12,1995.07,0.24,18195.04
2024-03-30,Washing Machines,East,Landlord,10,1203.66,0.1,10832.94
2024-12-30,Refrigerators,South,Landlord,14,2228.46,0.15,26518.67
2024-01-16,Washing Machines,North,Landlord,12,2772.25,0.16,27944.28
2024-05-22,Washing Machines,South,Homeowner,14,939.42,0.09,11968.21
2024-09-18,Washing Machines,East,Homeowner,11,2073.43,0.07,21211.19
2024-08-24,Washing Machines,West,Landlord,12,788.28,0.18,7756.68
2024-03-30,Microwaves,South,Landlord,3,2315.33,0.27,5070.57
2024-03-24,Microwaves,North,Landlord,8,2208.58,0.08,16255.15
2024-04-21,Microwaves,West,Homeowner,10,2106.89,0.04,20226.14
2024-11-11,Washing Machines,North,Homeowner,14,781.08,0.2,8748.1
2024-04-15,Refrigerators,West,Homeowner,11,378.33,0.26,3079.61
2024-07-05,Washing Machines,North,Homeowner,11,218.84,0.09,2190.59
2024-06-21,Microwaves,North,Landlord,15,2604.0,0.23,30076.2
2024-09-20,Microwaves,North,Homeowner,17,1501.07,0.16,21435.28
2024-05-09,Microwaves,North,Landlord,7,2512.85,0.12,15479.16
2024-07-14,Microwaves,South,Landlord,8,2322.86,0.1,16724.59
2024-09-27,Washing Machines,East,Landlord,7,1795.9,0.17,10434.18
2024-05-28,Washing Machines,North,Homeowner,2,1566.73,0.06,2945.45
2024-02-13,Washing Machines,North,Homeowner,8,383.46,0.11,2730.24
2024-10-15,Microwaves,North,Landlord,3,967.11,0.07,2698.24
2024-05-16,Washing Machines,East,Homeowner,4,2330.71,0.09,8483.78
2024-08-21,Washing Machines,South,Homeowner,5,1479.0,0.03,7173.15
2024-04-27,Refrigerators,West,Landlord,6,1488.65,0.26,6609.61
2024-06-18,Microwaves,East,Homeowner,5,1448.78,0.17,6012.44
2024-08-25,Microwaves,North,Homeowner,1,2802.54,0.21,2214.01
2024-08-18,Washing Machines,East,Landlord,3,587.56,0.04,1692.17
2024-06-23,Refrigerators,North,Landlord,11,261.2,0.09,2614.61
2024-08-10,Washing Machines,North,Homeowner,6,756.46,0.28,3267.91
2024-04-18,Microwaves,West,Homeowner,16,1361.79,0.23,16777.25
2024-09-03,Washing Machines,East,Homeowner,2,1215.41,0.23,1871.73
2024-01-16,Washing Machines,West,Homeowner,12,328.3,0.03,3821.41
2024-11-24,Refrigerators,East,Landlord,13,2168.3,0.22,21986.56
2024-04-19,Washing Machines,South,Homeowner,9,1808.03,0.01,16109.55
2024-06-24,Refrigerators,East,Homeowner,9,1983.06,0.0,17847.54
2024-09-23,Microwaves,North,Homeowner,8,1631.17,0.15,11091.96
2024-02-29,Refrigerators,North,Landlord,20,606.85,0.23,9345.49
2024-03-12,Washing Machines,North,Landlord,13,789.89,0.22,8009.48
2024-02-07,Microwaves,East,Landlord,5,2162.12,0.13,9405.22
2024-05-03,Microwaves,South,Landlord,14,1230.68,0.2,13783.62
2024-04-16,Refrigerators,West,Homeowner,17,2929.58,0.14,42830.46
2024-06-10,Microwaves,West,Landlord,17,1249.73,0.22,16571.42
2024-06-02,Refrigerators,East,Homeowner,15,248.11,0.01,3684.43
2024-03-13,Refrigerators,North,Landlord,13,2176.42,0.17,23483.57
2024-01-25,Washing Machines,East,Landlord,14,2983.43,0.24,31743.7
2024-12-24,Washing Machines,West,Homeowner,3,957.38,0.11,2556.2
2024-01-04,Refrigerators,South,Homeowner,12,2267.72,0.02,26668.39
2024-03-02,Refrigerators,North,Landlord,2,1085.03,0.12,1909.65
2024-06-09,Microwaves,South,Homeowner,10,2510.07,0.23,19327.54
2024-07-04,Refrigerators,North,Landlord,13,103.51,0.07,1251.44
2024-03-15,Washing Machines,South,Landlord,12,2008.84,0.0,24106.08
2024-07-07,Washing Machines,West,Landlord,15,2646.76,0.03,38510.36
2024-11-14,Refrigerators,South,Landlord,4,1242.66,0.11,4423.87
2024-09-07,Microwaves,South,Homeowner,9,1579.93,0.22,11091.11
2024-10-15,Microwaves,West,Homeowner,14,1327.13,0.08,17093.43
2024-04-20,Microwaves,East,Landlord,4,2655.81,0.22,8286.13
2024-06-27,Refrigerators,North,Homeowner,10,639.81,0.26,4734.59
2024-03-04,Washing Machines,North,Landlord,15,2333.7,0.25,26254.12
2024-10-24,Microwaves,West,Landlord,7,997.55,0.09,6354.39
2024-09-25,Refrigerators,East,Landlord,7,2750.23,0.21,15208.77
2024-09-06,Washing Machines,South,Homeowner,1,1317.32,0.28,948.47
2024-12-19,Refrigerators,South,Homeowner,20,980.68,0.26,14514.06
2024-05-01,Washing Machines,East,Landlord,16,1893.93,0.02,29696.82
2024-11-16,Refrigerators,East,Landlord,15,1549.4,0.24,17663.16
2024-03-17,Washing Machines,East,Landlord,6,1083.72,0.06,6112.18
2024-01-06,Refrigerators,South,Homeowner,15,336.89,0.25,3790.01
2024-05-26,Refrigerators,South,Landlord,19,1349.79,0.09,23337.87
2024-01-28,Washing Machines,North,Homeowner,16,2747.61,0.24,33410.94
2024-08-13,Microwaves,West,Landlord,19,239.95,0.08,4194.33
2024-09-16,Washing Machines,North,Homeowner,14,1254.89,0.1,15811.61
2024-05-15,Microwaves,South,Landlord,1,2826.29,0.04,2713.24
2024-09-10,Washing Machines,North,Homeowner,7,1678.79,0.06,11046.44
2024-05-26,Washing Machines,North,Homeowner,10,2276.07,0.23,17525.74
2024-08-03,Refrigerators,North,Homeowner,18,1884.35,0.14,29169.74
2024-03-02,Microwaves,North,Homeowner,10,1785.76,0.15,15178.96
2024-05-04,Refrigerators,East,Landlord,19,906.29,0.05,16358.53
2024-01-12,Washing Machines,West,Landlord,13,1898.76,0.21,19500.27
2024-07-25,Washing Machines,West,Landlord,17,1177.97,0.01,19825.24
2024-12-08,Microwaves,West,Homeowner,3,2761.37,0.09,7538.54
2024-03-18,Refrigerators,West,Landlord,3,1810.7,0.2,4345.68
2024-02-05,Refrigerators,East,Homeowner,18,1989.81,0.29,25429.77
2024-09-08,Microwaves,West,Landlord,4,671.51,0.08,2471.16
2024-02-17,Washing Machines,East,Landlord,13,572.76,0.07,6924.67
2024-09-25,Washing Machines,North,Homeowner,6,2008.06,0.08,11084.49
2024-11-04,Microwaves,South,Homeowner,12,480.58,0.21,4555.9
2024-09-25,Refrigerators,North,Homeowner,18,1745.18,0.26,23245.8
2024-12-03,Refrigerators,East,Homeowner,9,2935.38,0.01,26154.24
2024-06-27,Refrigerators,South,Homeowner,15,167.76,0.19,2038.28
2024-03-06,Washing Machines,East,Landlord,12,127.48,0.3,1070.83
2024-04-16,Refrigerators,East,Landlord,8,1374.51,0.02,10776.16
2024-08-20,Refrigerators,West,Landlord,7,532.65,0.26,2759.13
2024-08-01,Washing Machines,East,Landlord,1,2767.23,0.06,2601.2
2024-04-30,Washing Machines,South,Landlord,16,2947.66,0.29,33485.42
2024-02-11,Microwaves,South,Homeowner,2,680.9,0.29,966.88
2024-11-16,Microwaves,East,Homeowner,17,702.43,0.22,9314.22
2024-08-31,Washing Machines,South,Landlord,9,341.5,0.13,2673.94
2024-01-26,Microwaves,West,Landlord,20,1946.84,0.22,30370.7
2024-07-31,Washing Machines,South,Landlord,15,1594.18,0.2,19130.16
2024-04-25,Washing Machines,South,Homeowner,3,1343.67,0.27,2942.64
2024-07-15,Refrigerators,South,Landlord,17,811.28,0.24,10481.74
2024-08-16,Refrigerators,North,Homeowner,2,1255.31,0.26,1857.86
2024-02-08,Refrigerators,East,Landlord,1,2392.58,0.01,2368.65
2024-01-04,Refrigerators,West,Homeowner,12,622.65,0.26,5529.13
2024-11-15,Microwaves,South,Landlord,19,1796.75,0.21,26969.22
2024-11-02,Refrigerators,North,Landlord,16,1187.28,0.18,15577.11
2024-03-26,Washing Machines,East,Homeowner,3,2903.84,0.01,8624.4
2024-07-02,Microwaves,West,Homeowner,9,1731.45,0.18,12778.1
2024-11-09,Washing Machines,West,Landlord,19,2404.98,0.2,36555.7
2024-10-09,Refrigerators,East,Landlord,3,2571.86,0.06,7252.65
2024-03-21,Microwaves,East,Homeowner,7,1956.92,0.06,12876.53
2024-05-21,Microwaves,West,Landlord,5,2951.96,0.04,14169.41
2024-03-10,Microwaves,North,Homeowner,9,855.41,0.09,7005.81
2024-09-13,Washing Machines,East,Homeowner,17,143.31,0.27,1778.48
2024-06-18,Microwaves,East,Landlord,5,2418.55,0.05,11488.11
2024-01-13,Refrigerators,North,Landlord,20,322.83,0.08,5940.07
2024-04-20,Refrigerators,North,Landlord,14,201.64,0.3,1976.07
2024-08-03,Refrigerators,West,Landlord,9,1608.15,0.28,10420.81
2024-10-29,Washing Machines,West,Homeowner,16,2052.04,0.12,28892.72
2024-03-29,Washing Machines,East,Homeowner,11,1563.81,0.16,14449.6
2024-10-31,Microwaves,North,Landlord,8,2753.3,0.28,15859.01
2024-12-15,Refrigerators,South,Homeowner,15,1953.95,0.26,21688.84
2024-05-04,Refrigerators,North,Landlord,10,2075.4,0.22,16188.12
2024-10-26,Washing Machines,West,Homeowner,19,2445.79,0.16,39034.81
2024-02-14,Microwaves,East,Homeowner,14,2008.01,0.09,25582.05
2024-04-14,Refrigerators,North,Homeowner,19,1640.21,0.29,22126.43
2024-06-13,Washing Machines,South,Landlord,2,2334.36,0.19,3781.66
2024-01-29,Microwaves,South,Homeowner,16,166.37,0.12,2342.49
2024-06-13,Microwaves,East,Homeowner,13,1139.49,0.09,13480.17
2024-01-03,Refrigerators,South,Homeowner,2,2918.57,0.16,4903.2
2024-05-10,Microwaves,North,Landlord,18,2967.69,0.07,49679.13
2024-04-30,Refrigerators,South,Homeowner,5,1819.83,0.12,8007.25
2024-01-05,Washing Machines,East,Landlord,16,2453.5,0.21,31012.24
2024-05-14,Microwaves,East,Homeowner,13,2576.02,0.26,24781.31
2024-01-13,Refrigerators,North,Homeowner,5,1546.83,0.21,6109.98
2024-01-30,Refrigerators,South,Homeowner,13,377.83,0.29,3487.37
2024-01-20,Refrigerators,North,Landlord,8,695.46,0.17,4617.85
2024-06-19,Microwaves,West,Homeowner,18,1356.55,0.26,18069.25
2024-09-08,Microwaves,East,Homeowner,14,2290.08,0.05,30458.06
2024-11-04,Refrigerators,West,Homeowner,7,647.76,0.25,3400.74
2024-11-13,Washing Machines,East,Landlord,19,1599.44,0.16,25527.06
2024-08-26,Microwaves,North,Landlord,16,2619.92,0.17,34792.54
2024-09-14,Microwaves,South,Homeowner,3,2137.05,0.21,5064.81
2024-04-23,Washing Machines,West,Homeowner,20,2405.87,0.06,45230.36
2024-03-05,Washing Machines,East,Landlord,10,2954.47,0.12,25999.34
2024-03-10,Refrigerators,North,Homeowner,9,759.86,0.05,6496.8
2024-03-11,Washing Machines,West,Landlord,2,1317.24,0.24,2002.2
2024-10-18,Microwaves,South,Homeowner,16,1218.07,0.26,14421.95
2024-05-28,Microwaves,North,Homeowner,16,957.29,0.04,14703.97
2024-06-17,Refrigerators,North,Homeowner,11,2807.35,0.21,24395.87
2024-06-30,Refrigerators,West,Homeowner,16,1224.88,0.01,19402.1
2024-02-05,Refrigerators,East,Landlord,1,943.16,0.04,905.43
2024-08-27,Refrigerators,North,Landlord,18,1234.1,0.2,17771.04
2024-11-23,Refrigerators,North,Landlord,7,2510.24,0.11,15638.8
2024-03-08,Refrigerators,North,Landlord,2,1093.26,0.09,1989.73
2024-02-26,Refrigerators,East,Homeowner,3,2926.69,0.13,7638.66
2024-09-20,Washing Machines,South,Landlord,14,871.12,0.22,9512.63
2024-10-03,Washing Machines,West,Homeowner,6,2893.27,0.28,12498.93
2024-07-12,Refrigerators,East,Homeowner,1,2408.4,0.3,1685.88
2024-04-20,Refrigerators,West,Homeowner,12,1012.4,0.15,10326.48
2024-09-30,Refrigerators,North,Homeowner,9,660.66,0.23,4578.37
2024-07-18,Refrigerators,North,Homeowner,16,2087.96,0.18,27394.04
2024-04-13,Washing Machines,East,Landlord,14,856.22,0.1,10788.37
2024-09-04,Microwaves,West,Homeowner,14,1011.62,0.19,11471.77
2024-10-30,Washing Machines,East,Homeowner,15,123.12,0.27,1348.16
2024-04-23,Microwaves,West,Homeowner,8,1042.02,0.22,6502.2
2024-09-07,Refrigerators,East,Homeowner,12,990.14,0.1,10693.51
2024-02-27,Refrigerators,North,Homeowner,12,2205.75,0.16,22233.96
2024-11-04,Washing Machines,West,Homeowner,9,1960.5,0.12,15527.16
2024-12-19,Washing Machines,South,Homeowner,17,2972.08,0.28,36378.26
2024-02-27,Refrigerators,East,Homeowner,19,1798.0,0.12,30062.56
2024-11-21,Refrigerators,North,Homeowner,15,1753.41,0.0,26301.15
2024-09-02,Refrigerators,East,Homeowner,2,2255.1,0.18,3698.36
2024-06-10,Refrigerators,South,Homeowner,13,2555.99,0.07,30901.92
2024-07-02,Microwaves,South,Homeowner,2,256.16,0.17,425.23
2024-08-15,Microwaves,West,Landlord,17,2761.98,0.17,38971.54
2024-12-27,Washing Machines,East,Homeowner,8,253.67,0.02,1988.77
2024-09-14,Washing Machines,South,Homeowner,19,310.79,0.22,4605.91
2024-02-01,Washing Machines,North,Landlord,1,927.74,0.2,742.19
2024-02-04,Washing Machines,East,Landlord,11,452.98,0.29,3537.77
2024-02-24,Refrigerators,South,Homeowner,9,2604.18,0.11,20859.48
2024-06-08,Washing Machines,West,Landlord,6,1526.67,0.15,7786.02
2024-03-04,Washing Machines,North,Landlord,11,639.39,0.25,5274.97
2024-09-28,Refrigerators,West,Homeowner,16,1682.05,0.11,23952.39
2024-12-16,Microwaves,North,Homeowner,16,1168.22,0.3,13084.06
2024-08-04,Microwaves,South,Homeowner,6,2767.21,0.28,11954.35
2024-03-02,Refrigerators,North,Landlord,9,724.57,0.1,5869.02
2024-05-07,Microwaves,East,Landlord,14,273.59,0.09,3485.54
2024-02-15,Microwaves,West,Homeowner,9,308.51,0.23,2137.97
2024-11-02,Washing Machines,East,Landlord,19,2775.02,0.27,38489.53
2024-08-20,Microwaves,South,Homeowner,5,2097.38,0.05,9962.56
2024-01-01,Microwaves,West,Homeowner,5,1533.22,0.29,5442.93
2024-01-29,Microwaves,West,Landlord,6,1154.05,0.02,6785.81
2024-11-10,Washing Machines,East,Landlord,11,1154.36,0.12,11174.2
2024-12-12,Washing Machines,North,Landlord,16,356.63,0.21,4507.8
2024-10-09,Washing Machines,North,Homeowner,8,1067.93,0.09,7774.53
2024-02-21,Washing Machines,West,Homeowner,14,340.06,0.24,3618.24
2024-09-04,Microwaves,West,Homeowner,1,2882.22,0.07,2680.46
2024-07-19,Refrigerators,East,Homeowner,11,1365.49,0.04,14419.57
2024-04-01,Microwaves,East,Homeowner,7,2905.69,0.13,17695.65
2024-05-18,Microwaves,West,Landlord,8,1775.25,0.29,10083.42
2024-03-18,Microwaves,North,Homeowner,3,2690.62,0.23,6215.33
2024-07-14,Washing Machines,South,Homeowner,4,675.38,0.27,1972.11
2024-04-07,Refrigerators,South,Landlord,4,107.26,0.17,356.1
2024-12-23,Refrigerators,East,Landlord,17,1401.95,0.14,20496.51
2024-05-13,Microwaves,North,Landlord,12,2769.91,0.28,23932.02
2024-10-16,Washing Machines,West,Landlord,1,1493.86,0.18,1224.97
2024-11-13,Washing Machines,West,Landlord,14,2990.64,0.21,33076.48
2024-05-14,Refrigerators,East,Landlord,1,2637.27,0.22,2057.07
2024-01-09,Microwaves,North,Homeowner,6,455.36,0.17,2267.69
2024-02-13,Washing Machines,North,Landlord,10,1372.21,0.25,10291.58
2024-11-06,Washing Machines,West,Landlord,13,1037.85,0.27,9849.2
2024-11-19,Microwaves,South,Homeowner,2,2964.76,0.11,5277.27
2024-03-15,Refrigerators,North,Landlord,15,2836.29,0.01,42118.91
2024-08-19,Microwaves,West,Homeowner,7,1011.76,0.12,6232.44
2024-05-23,Microwaves,North,Landlord,4,903.53,0.24,2746.73
2024-04-22,Refrigerators,East,Homeowner,14,2080.2,0.0,29122.8
2024-04-07,Washing Machines,West,Homeowner,16,1751.0,0.21,22132.64
2024-09-20,Microwaves,West,Landlord,19,1986.99,0.13,32844.94
2024-10-26,Washing Machines,South,Landlord,4,2725.4,0.18,8939.31
2024-07-05,Microwaves,North,Homeowner,8,279.97,0.06,2105.37
2024-06-07,Refrigerators,West,Landlord,8,711.65,0.04,5465.47
2024-04-07,Refrigerators,North,Landlord,6,2105.13,0.02,12378.16
2024-07-03,Microwaves,East,Landlord,16,703.06,0.0,11248.96
2024-01-23,Refrigerators,North,Landlord,7,2649.02,0.21,14649.08
2024-09-11,Refrigerators,West,Homeowner,4,2409.41,0.3,6746.35
2024-05-22,Refrigerators,North,Landlord,10,2081.6,0.16,17485.44
2024-02-08,Microwaves,East,Homeowner,16,2311.02,0.23,28471.77
2024-10-21,Washing Machines,East,Homeowner,6,229.26,0.14,1182.98
2024-03-30,Washing Machines,West,Homeowner,17,1362.08,0.13,20145.16
2024-01-01,Refrigerators,North,Landlord,12,2470.78,0.29,21051.05
2024-04-22,Washing Machines,South,Landlord,3,1600.49,0.27,3505.07
2024-07-18,Washing Machines,West,Landlord,8,410.66,0.06,3088.16
2024-01-02,Refrigerators,East,Homeowner,13,1890.62,0.09,22366.03
2024-05-18,Microwaves,North,Homeowner,7,1774.11,0.14,10680.14
2024-03-26,Washing Machines,West,Homeowner,14,1755.03,0.15,20884.86
2024-09-05,Refrigerators,North,Landlord,12,1104.27,0.09,12058.63
2024-01-07,Washing Machines,East,Landlord,1,2625.56,0.13,2284.24
2024-09-30,Microwaves,East,Landlord,1,871.35,0.08,801.64
2024-08-29,Washing Machines,South,Landlord,1,2316.74,0.28,1668.05
2024-01-19,Microwaves,East,Homeowner,5,410.51,0.01,2032.02
2024-12-28,Microwaves,East,Homeowner,16,1448.42,0.15,19698.51
2024-08-11,Refrigerators,West,Landlord,12,2503.11,0.23,23128.74
2024-02-10,Microwaves,North,Homeowner,7,334.0,0.15,1987.3
2024-11-13,Refrigerators,North,Homeowner,7,2940.93,0.22,16057.48
2024-05-09,Washing Machines,East,Homeowner,10,1207.1,0.28,8691.12
2024-05-09,Washing Machines,North,Landlord,9,2213.05,0.04,19120.75
2024-10-22,Washing Machines,West,Homeowner,10,178.8,0.24,1358.88
2024-05-24,Refrigerators,North,Homeowner,5,2307.55,0.21,9114.82
2024-10-23,Microwaves,East,Homeowner,20,425.46,0.18,6977.54
2024-09-12,Washing Machines,South,Landlord,20,1909.47,0.2,30551.52
2024-01-20,Refrigerators,East,Landlord,5,2002.19,0.18,8208.98
2024-09-16,Washing Machines,West,Landlord,12,1582.72,0.02,18612.79
2024-01-22,Refrigerators,South,Landlord,17,1764.08,0.16,25191.06
2024-11-22,Microwaves,West,Homeowner,1,2340.41,0.15,1989.35
2024-07-17,Microwaves,North,Landlord,20,1789.14,0.29,25405.79
2024-02-10,Microwaves,East,Landlord,1,1799.06,0.22,1403.27
2024-07-27,Refrigerators,North,Landlord,9,847.0,0.22,5945.94
2024-02-22,Microwaves,West,Homeowner,18,1407.69,0.17,21030.89
2024-06-24,Washing Machines,East,Homeowner,2,2977.23,0.07,5537.65
2024-01-22,Refrigerators,East,Landlord,2,539.13,0.14,927.3
2024-06-09,Refrigerators,South,Homeowner,7,1639.54,0.18,9410.96
2024-11-24,Refrigerators,North,Landlord,1,1523.84,0.22,1188.6
2024-05-04,Refrigerators,East,Homeowner,20,2555.2,0.26,37816.96
2024-02-18,Refrigerators,West,Landlord,16,574.99,0.27,6715.88
2024-05-06,Refrigerators,South,Landlord,10,884.49,0.08,8137.31
2024-06-13,Microwaves,North,Homeowner,16,1059.25,0.18,13897.36
2024-02-11,Washing Machines,North,Homeowner,5,595.81,0.26,2204.5
2024-07-09,Washing Machines,West,Homeowner,5,2591.64,0.02,12699.04
2024-03-22,Microwaves,East,Homeowner,4,2211.05,0.09,8048.22
2024-11-20,Washing Machines,South,Landlord,13,2193.71,0.23,21959.04
2024-11-22,Washing Machines,South,Homeowner,2,2145.06,0.3,3003.08
2024-05-03,Microwaves,South,Landlord,18,1399.97,0.12,22175.52
2024-01-22,Washing Machines,West,Landlord,19,1463.06,0.29,19736.68
2024-11-04,Refrigerators,West,Landlord,16,457.97,0.08,6741.32
2024-08-30,Refrigerators,South,Landlord,20,1197.01,0.0,23940.2
2024-10-25,Washing Machines,South,Landlord,19,1190.52,0.02,22167.48
2024-08-31,Microwaves,South,Landlord,3,840.45,0.15,2143.15
2024-07-06,Washing Machines,South,Landlord,6,2489.87,0.3,10457.45
2024-04-03,Refrigerators,East,Homeowner,14,1288.45,0.09,16414.85
2024-08-22,Refrigerators,West,Landlord,18,1947.85,0.1,31555.17
2024-06-11,Microwaves,West,Homeowner,12,2594.74,0.25,23352.66
2024-04-28,Washing Machines,East,Landlord,2,2151.38,0.29,3054.96
2024-06-26,Microwaves,South,Homeowner,11,383.57,0.26,3122.26
2024-11-16,Microwaves,North,Homeowner,10,1650.51,0.23,12708.93
2024-10-02,Refrigerators,North,Landlord,4,933.3,0.22,2911.9
2024-01-27,Refrigerators,South,Homeowner,9,1969.02,0.24,13468.1
2024-04-30,Microwaves,East,Homeowner,6,2193.38,0.11,11712.65
2024-05-08,Microwaves,East,Landlord,18,2529.6,0.09,41434.85
2024-01-29,Microwaves,North,Homeowner,4,2549.84,0.07,9485.4
2024-04-09,Refrigerators,South,Homeowner,12,1474.51,0.07,16455.53
2024-11-27,Refrigerators,West,Homeowner,5,792.47,0.1,3566.12
2024-10-18,Refrigerators,North,Homeowner,14,874.88,0.19,9921.14
2024-09-09,Microwaves,East,Homeowner,5,257.26,0.09,1170.53
2024-02-18,Washing Machines,East,Landlord,12,1194.77,0.25,10752.93
2024-06-01,Microwaves,West,Landlord,18,2854.85,0.09,46762.44
2024-10-20,Washing Machines,East,Homeowner,17,1106.3,0.28,13541.11
2024-07-09,Microwaves,South,Landlord,12,916.94,0.0,11003.28
2024-12-02,Washing Machines,East,Landlord,12,848.04,0.24,7734.12
2024-05-31,Washing Machines,East,Homeowner,10,2678.83,0.18,21966.41
2024-10-26,Microwaves,East,Landlord,5,2246.28,0.01,11119.09
2024-07-12,Washing Machines,North,Homeowner,6,180.29,0.27,789.67
2024-11-28,Washing Machines,North,Homeowner,19,1885.64,0.3,25079.01
2024-07-12,Washing Machines,South,Homeowner,16,1466.47,0.19,19005.45
2024-03-26,Microwaves,South,Landlord,14,1112.96,0.13,13555.85
2024-01-23,Refrigerators,North,Homeowner,12,2600.8,0.03,30273.31
2024-05-30,Microwaves,North,Homeowner,2,1649.81,0.14,2837.67
2024-03-13,Washing Machines,South,Landlord,14,633.01,0.26,6557.98
2024-04-28,Washing Machines,West,Landlord,5,349.01,0.19,1413.49
2024-04-12,Refrigerators,East,Homeowner,19,2304.74,0.15,37221.55
2024-05-04,Washing Machines,North,Homeowner,17,1060.98,0.1,16232.99
2024-06-19,Refrigerators,East,Landlord,20,425.86,0.19,6898.93
2024-07-06,Washing Machines,North,Landlord,18,2311.7,0.14,35785.12
2024-06-03,Refrigerators,North,Homeowner,13,485.83,0.09,5747.37
